{"male": 0.1015625, "female": 0.13623046875, "long hair": 0.14453125, "short hair": 0.15087890625, "black hair": 0.1826171875, "blond hair": 0.15869140625, "brown hair": 0.15185546875, "grey hair": 0.138671875, "red hair": 0.18994140625, "curly hair": 0.1953125, "straight hair": 0.1591796875, "bald": 0.16259765625, "wavy hair": 0.138671875, "fringe hair": 0.16064453125, "receding hairline": 0.15966796875, "blue eyes": 0.16259765625, "brown eyes": 0.1240234375, "black eyes": 0.1064453125, "grey eyes": 0.12939453125, "green eyes": 0.1572265625, "open eyes": 0.083984375, "closed eyes": 0.09912109375, "narrow eyes": 0.107421875, "wide eyes": 0.119140625, "big eyes": 0.13671875, "small eyes": 0.11279296875, "round eyes": 0.10986328125, "broken nose": 0.1357421875, "big nose": 0.1044921875, "long nose": 0.1142578125, "straight nose": 0.095703125, "crooked nose": 0.09130859375, "large nose": 0.0947265625, "pointed nose": 0.16259765625, "bad nose": 0.09228515625, "wrinkled nose": 0.10693359375, "small nose": 0.09619140625, "hooked nose": 0.08203125, "sharp nose": 0.09375, "prominent nose": 0.091796875, "short nose": 0.10205078125, "thick nose": 0.0947265625, "thin nose": 0.10107421875, "pinched nose": 0.10693359375, "flat nose": 0.1015625, "pointy face": 0.12939453125, "round face": 0.10205078125, "square face": 0.107421875, "oval face": 0.1025390625, "white skin": 0.10498046875, "black skin": 0.1357421875, "yellow skin": 0.1396484375, "open mouth": 0.1328125, "close mouth": 0.11181640625, "smiling": 0.13134765625, "big mouth": 0.126953125, "small mouth": 0.09912109375, "raised eyebrows": 0.09814453125, "high eyebrows": 0.12451171875, "arched eyebrows": 0.1396484375, "long eyebrows": 0.1220703125, "thick eyebrows": 0.12890625, "dark eyebrows": 0.1337890625, "black eyebrows": 0.123046875, "straight eyebrows": 0.11865234375, "thin eyebrows": 0.10107421875, "furrowed eyebrows": 0.1552734375, "heavy eyebrows": 0.138671875, "big eyebrows": 0.134765625, "lowered eyebrows": 0.0927734375, "short eyebrows": 0.1142578125, "tall eyebrows": 0.1318359375, "with earrings": 0.12451171875, "with makeup": 0.1201171875, "with lipstick": 0.1279296875, "with wrinkles": 0.1298828125, "with glasses": 0.208984375, "with bangs": 0.1767578125, "goatee": 0.1640625, "mustache": 0.16552734375, "no beard": 0.1357421875, "sideburns": 0.1357421875, "5 o'clock shadow": 0.09033203125, "rosy cheeks": 0.13427734375, "double chin": 0.14501953125, "chubby": 0.14111328125, "bags under eyes": 0.1064453125, "high cheekbones": 0.1572265625, "round eyebrows": 0.12646484375, "long face": 0.1318359375}